run_id,key,value,step,timestamp
2b70abd9526745fa9f6d66c104260f7b,train/loss_model,13.562669219970703,200,1703877179277
2b70abd9526745fa9f6d66c104260f7b,train/loss_model,9.429069366455078,300,1703877215904
2b70abd9526745fa9f6d66c104260f7b,train/loss_model,7.0782466316223145,400,1703877253057
2b70abd9526745fa9f6d66c104260f7b,train/loss_model,5.781910305023193,500,1703877291088
2b70abd9526745fa9f6d66c104260f7b,train/loss_model,5.015570931434631,600,1703877342764
2b70abd9526745fa9f6d66c104260f7b,train/loss_model,4.431733267307282,700,1703877405883
2b70abd9526745fa9f6d66c104260f7b,train/loss_model,3.995638506412506,800,1703877469494
2b70abd9526745fa9f6d66c104260f7b,train/loss_model,3.6581484055519105,900,1703877533277
2b70abd9526745fa9f6d66c104260f7b,train/loss_model,3.340678346157074,1000,1703877596155
2b70abd9526745fa9f6d66c104260f7b,train/loss_model,3.0894165992736817,1100,1703877663645
2b70abd9526745fa9f6d66c104260f7b,train/loss_model,2.8155535101890563,1200,1703877724938
2b70abd9526745fa9f6d66c104260f7b,train/loss_model,2.7009945058822633,1300,1703877785273
2b70abd9526745fa9f6d66c104260f7b,train/loss_model,2.5435151505470275,1400,1703877846134
2b70abd9526745fa9f6d66c104260f7b,train/loss_model,2.349556699991226,1500,1703877906904
2b70abd9526745fa9f6d66c104260f7b,train/loss_model,2.609792265892029,1600,1703877968442
2b70abd9526745fa9f6d66c104260f7b,train/loss_model,2.6433260107040404,1700,1703878028827
2b70abd9526745fa9f6d66c104260f7b,train/loss_model,2.452196763753891,1800,1703878087337
2b70abd9526745fa9f6d66c104260f7b,train/loss_model,2.3059822630882265,1900,1703878145940
2b70abd9526745fa9f6d66c104260f7b,train/loss_model,2.317053256034851,2000,1703878204323
2b70abd9526745fa9f6d66c104260f7b,train/loss_model,2.202047177553177,2100,1703878360794
2b70abd9526745fa9f6d66c104260f7b,train/loss_model,2.2580124950408935,2200,1703878418589
2b70abd9526745fa9f6d66c104260f7b,train/loss_model,2.286994667053223,2300,1703878476042
2b70abd9526745fa9f6d66c104260f7b,train/loss_model,2.1591953909397126,2400,1703878534601
2b70abd9526745fa9f6d66c104260f7b,train/loss_model,2.1559965479373933,2500,1703878592683
2b70abd9526745fa9f6d66c104260f7b,train/loss_model,2.1331567299365997,2600,1703878651835
2b70abd9526745fa9f6d66c104260f7b,train/loss_model,2.1089274644851685,2700,1703878710293
2b70abd9526745fa9f6d66c104260f7b,train/loss_model,2.0462368154525756,2800,1703878768698
2b70abd9526745fa9f6d66c104260f7b,train/loss_model,2.002723343372345,2900,1703878827066
2b70abd9526745fa9f6d66c104260f7b,train/loss_model,2.0067611598968504,3000,1703878884771
2b70abd9526745fa9f6d66c104260f7b,train/loss_model,1.9187983572483063,3100,1703878947929
2b70abd9526745fa9f6d66c104260f7b,train/loss_model,1.9361383712291718,3200,1703879006839
2b70abd9526745fa9f6d66c104260f7b,train/loss_model,1.828115975856781,3300,1703879064860
2b70abd9526745fa9f6d66c104260f7b,train/loss_model,1.9167409920692444,3400,1703879122601
2b70abd9526745fa9f6d66c104260f7b,train/loss_model,2.0345985400676727,3500,1703879180201
2b70abd9526745fa9f6d66c104260f7b,train/loss_model,1.9071051800251007,3600,1703879238762
2b70abd9526745fa9f6d66c104260f7b,train/loss_model,1.9085153090953826,3700,1703879297429
2b70abd9526745fa9f6d66c104260f7b,train/loss_model,1.9872369956970215,3800,1703879355497
2b70abd9526745fa9f6d66c104260f7b,train/loss_model,2.1066853940486907,3900,1703879413914
2b70abd9526745fa9f6d66c104260f7b,train/loss_model,1.999781459569931,4000,1703879472385
2b70abd9526745fa9f6d66c104260f7b,train/loss_model,2.110233610868454,4100,1703879627085
2b70abd9526745fa9f6d66c104260f7b,train/loss_model,1.9315083146095275,4200,1703879684681
2b70abd9526745fa9f6d66c104260f7b,train/loss_model,1.9021159672737122,4300,1703879742571
2b70abd9526745fa9f6d66c104260f7b,train/loss_model,1.9192626416683196,4400,1703879800266
2b70abd9526745fa9f6d66c104260f7b,train/loss_model,1.926044476032257,4500,1703879857963
2b70abd9526745fa9f6d66c104260f7b,train/loss_model,1.9905612087249756,4600,1703879916430
2b70abd9526745fa9f6d66c104260f7b,train/loss_model,2.1135746908187865,4700,1703879974511
2b70abd9526745fa9f6d66c104260f7b,train/loss_model,1.9941906905174256,4800,1703880031674
2b70abd9526745fa9f6d66c104260f7b,train/loss_model,1.9939798033237457,4900,1703880089418
2b70abd9526745fa9f6d66c104260f7b,train/loss_model,1.9479155254364013,5000,1703880147174
2b70abd9526745fa9f6d66c104260f7b,train/loss_model,1.9140112709999084,5100,1703880209275
2b70abd9526745fa9f6d66c104260f7b,train/loss_model,1.984880667924881,5200,1703880267306
2b70abd9526745fa9f6d66c104260f7b,train/loss_model,1.9884443736076356,5300,1703880325337
2b70abd9526745fa9f6d66c104260f7b,train/loss_model,1.9044780683517457,5400,1703880383042
2b70abd9526745fa9f6d66c104260f7b,train/loss_model,2.0248670160770414,5500,1703880441260
2b70abd9526745fa9f6d66c104260f7b,train/loss_model,2.012734133005142,5600,1703880500299
2b70abd9526745fa9f6d66c104260f7b,train/loss_model,1.9685785675048828,5700,1703880558231
2b70abd9526745fa9f6d66c104260f7b,train/loss_model,2.0022848868370056,5800,1703880616362
2b70abd9526745fa9f6d66c104260f7b,train/loss_model,1.9622718513011932,5900,1703880674394
2b70abd9526745fa9f6d66c104260f7b,train/loss_model,1.9402884066104888,6000,1703880732156
2b70abd9526745fa9f6d66c104260f7b,train/loss_model,1.906871327161789,6100,1703880884443
2b70abd9526745fa9f6d66c104260f7b,train/loss_model,1.952374235391617,6200,1703880943053
2b70abd9526745fa9f6d66c104260f7b,train/loss_model,2.0360878705978394,6300,1703881001033
2b70abd9526745fa9f6d66c104260f7b,train/loss_model,2.0228249371051787,6400,1703881058503
2b70abd9526745fa9f6d66c104260f7b,train/loss_model,1.956159940958023,6500,1703881116426
2b70abd9526745fa9f6d66c104260f7b,train/loss_model,1.9336886513233185,6600,1703881175178
2b70abd9526745fa9f6d66c104260f7b,train/loss_model,2.0111102402210235,6700,1703881233026
2b70abd9526745fa9f6d66c104260f7b,train/loss_model,2.041432523727417,6800,1703881290811
2b70abd9526745fa9f6d66c104260f7b,train/loss_model,2.00118021607399,6900,1703881348843
2b70abd9526745fa9f6d66c104260f7b,train/loss_model,2.0067068564891817,7000,1703881406055
2b70abd9526745fa9f6d66c104260f7b,train/loss_model,2.0348761546611787,7100,1703881468937
2b70abd9526745fa9f6d66c104260f7b,train/loss_model,2.066034013032913,7200,1703881526688
2b70abd9526745fa9f6d66c104260f7b,train/loss_model,1.979013364315033,7300,1703881585433
2b70abd9526745fa9f6d66c104260f7b,train/loss_model,2.0082845199108124,7400,1703881643515
2b70abd9526745fa9f6d66c104260f7b,train/loss_model,2.060333696603775,7500,1703881701407
2b70abd9526745fa9f6d66c104260f7b,train/loss_model,2.091735825538635,7600,1703881760443
2b70abd9526745fa9f6d66c104260f7b,train/loss_model,1.9500124418735505,7700,1703881818190
2b70abd9526745fa9f6d66c104260f7b,train/loss_model,2.074554742574692,7800,1703881876169
2b70abd9526745fa9f6d66c104260f7b,train/loss_model,2.0196168601512907,7900,1703881933865
2b70abd9526745fa9f6d66c104260f7b,train/loss_model,1.9270402050018312,8000,1703881991990
2b70abd9526745fa9f6d66c104260f7b,train/loss_model,1.9617323195934295,8100,1703882149481
2b70abd9526745fa9f6d66c104260f7b,train/loss_model,1.9053137743473052,8200,1703882207379
2b70abd9526745fa9f6d66c104260f7b,train/loss_model,1.9599167466163636,8300,1703882265258
2b70abd9526745fa9f6d66c104260f7b,train/loss_model,1.9111738216876983,8400,1703882323433
2b70abd9526745fa9f6d66c104260f7b,train/loss_model,1.9715219032764435,8500,1703882381469
2b70abd9526745fa9f6d66c104260f7b,train/loss_model,1.964364628791809,8600,1703882440747
2b70abd9526745fa9f6d66c104260f7b,train/loss_model,1.9392925322055816,8700,1703882499067
2b70abd9526745fa9f6d66c104260f7b,train/loss_model,1.9951920700073242,8800,1703882557097
2b70abd9526745fa9f6d66c104260f7b,train/loss_model,1.9778187882900238,8900,1703882614937
2b70abd9526745fa9f6d66c104260f7b,train/loss_model,1.909979568719864,9000,1703882672725
2b70abd9526745fa9f6d66c104260f7b,train/loss_model,1.8540397918224334,9100,1703882734937
2b70abd9526745fa9f6d66c104260f7b,train/loss_model,1.8983102655410766,9200,1703882793111
2b70abd9526745fa9f6d66c104260f7b,train/loss_model,1.9573855590820313,9300,1703882850667
2b70abd9526745fa9f6d66c104260f7b,train/loss_model,1.8711886703968048,9400,1703882908555
2b70abd9526745fa9f6d66c104260f7b,train/loss_model,1.8315183365345,9500,1703882966058
2b70abd9526745fa9f6d66c104260f7b,train/loss_model,1.8454178977012634,9600,1703883025154
2b70abd9526745fa9f6d66c104260f7b,train/loss_model,1.8960936737060547,9700,1703883083035
2b70abd9526745fa9f6d66c104260f7b,train/loss_model,1.8898108637332915,9800,1703883140921
2b70abd9526745fa9f6d66c104260f7b,train/loss_model,1.9636050021648408,9900,1703883199241
2b70abd9526745fa9f6d66c104260f7b,train/loss_model,1.8752933979034423,10000,1703883257617
2b70abd9526745fa9f6d66c104260f7b,train/loss_model,1.8869265854358672,10100,1703883415688
2b70abd9526745fa9f6d66c104260f7b,train/loss_model,1.8532458221912385,10200,1703883473324
2b70abd9526745fa9f6d66c104260f7b,train/loss_model,1.8904208385944365,10300,1703883531019
2b70abd9526745fa9f6d66c104260f7b,train/loss_model,1.8809067034721374,10400,1703883588378
2b70abd9526745fa9f6d66c104260f7b,train/loss_model,1.8461560010910034,10500,1703883645737
2b70abd9526745fa9f6d66c104260f7b,train/loss_model,1.8493226385116577,10600,1703883704824
2b70abd9526745fa9f6d66c104260f7b,train/loss_model,1.8689181876182557,10700,1703883762811
2b70abd9526745fa9f6d66c104260f7b,train/loss_model,1.869407149553299,10800,1703883820699
2b70abd9526745fa9f6d66c104260f7b,train/loss_model,1.9256539714336396,10900,1703883878406
2b70abd9526745fa9f6d66c104260f7b,train/loss_model,1.9041363453865052,11000,1703883936188
2b70abd9526745fa9f6d66c104260f7b,train/loss_model,1.9542061245441438,11100,1703883998681
2b70abd9526745fa9f6d66c104260f7b,train/loss_model,1.9032013940811157,11200,1703884056232
2b70abd9526745fa9f6d66c104260f7b,train/loss_model,1.8254594790935517,11300,1703884114409
2b70abd9526745fa9f6d66c104260f7b,train/loss_model,1.9079714977741242,11400,1703884172060
2b70abd9526745fa9f6d66c104260f7b,train/loss_model,1.8963215231895447,11500,1703884229804
2b70abd9526745fa9f6d66c104260f7b,train/loss_model,1.947014207839966,11600,1703884288553
2b70abd9526745fa9f6d66c104260f7b,train/loss_model,1.850388946533203,11700,1703884345769
2b70abd9526745fa9f6d66c104260f7b,train/loss_model,1.767753505706787,11800,1703884404186
2b70abd9526745fa9f6d66c104260f7b,train/loss_model,1.8860959887504578,11900,1703884461737
2b70abd9526745fa9f6d66c104260f7b,train/loss_model,1.8223929965496064,12000,1703884519295
2b70abd9526745fa9f6d66c104260f7b,train/loss_model,1.8657352018356324,12100,1703884675243
2b70abd9526745fa9f6d66c104260f7b,train/loss_model,1.8284728598594666,12200,1703884733273
2b70abd9526745fa9f6d66c104260f7b,train/loss_model,1.8256177592277527,12300,1703884790875
2b70abd9526745fa9f6d66c104260f7b,train/loss_model,1.8519619345664977,12400,1703884848907
2b70abd9526745fa9f6d66c104260f7b,train/loss_model,1.9323053896427154,12500,1703884906843
2b70abd9526745fa9f6d66c104260f7b,train/loss_model,1.8992715787887573,12600,1703884965403
2b70abd9526745fa9f6d66c104260f7b,train/loss_model,1.782075695991516,12700,1703885023530
2b70abd9526745fa9f6d66c104260f7b,train/loss_model,1.7879117560386657,12800,1703885081226
2b70abd9526745fa9f6d66c104260f7b,train/loss_model,1.8320806348323821,12900,1703885138346
2b70abd9526745fa9f6d66c104260f7b,train/loss_model,1.87448868393898,13000,1703885196233
2b70abd9526745fa9f6d66c104260f7b,train/loss_model,1.9011606967449188,13100,1703885258057
2b70abd9526745fa9f6d66c104260f7b,train/loss_model,1.787850660085678,13200,1703885315802
2b70abd9526745fa9f6d66c104260f7b,train/loss_model,1.788700281381607,13300,1703885373307
2b70abd9526745fa9f6d66c104260f7b,train/loss_model,1.8061862242221833,13400,1703885431533
2b70abd9526745fa9f6d66c104260f7b,train/loss_model,1.8121820402145385,13500,1703885489611
2b70abd9526745fa9f6d66c104260f7b,train/loss_model,1.7884968650341033,13600,1703885548170
2b70abd9526745fa9f6d66c104260f7b,train/loss_model,1.811250170469284,13700,1703885606057
2b70abd9526745fa9f6d66c104260f7b,train/loss_model,1.8472701680660248,13800,1703885664186
2b70abd9526745fa9f6d66c104260f7b,train/loss_model,1.8168281757831573,13900,1703885721689
2b70abd9526745fa9f6d66c104260f7b,train/loss_model,1.7761510491371155,14000,1703885780354
2b70abd9526745fa9f6d66c104260f7b,train/loss_model,1.8252770256996156,14100,1703885932075
2b70abd9526745fa9f6d66c104260f7b,train/loss_model,1.7580511105060577,14200,1703885989722
2b70abd9526745fa9f6d66c104260f7b,train/loss_model,1.792429940700531,14300,1703886047565
2b70abd9526745fa9f6d66c104260f7b,train/loss_model,1.825056803226471,14400,1703886105305
2b70abd9526745fa9f6d66c104260f7b,train/loss_model,1.86911199092865,14500,1703886163050
2b70abd9526745fa9f6d66c104260f7b,train/loss_model,1.8273512196540833,14600,1703886222090
2b70abd9526745fa9f6d66c104260f7b,train/loss_model,1.8345393645763397,14700,1703886279834
2b70abd9526745fa9f6d66c104260f7b,train/loss_model,1.8098398387432098,14800,1703886337145
2b70abd9526745fa9f6d66c104260f7b,train/loss_model,1.7539223086833955,14900,1703886394796
2b70abd9526745fa9f6d66c104260f7b,train/loss_model,1.7287773430347442,15000,1703886452497
2b70abd9526745fa9f6d66c104260f7b,train/loss_model,1.7554753744602203,15100,1703886515082
2b70abd9526745fa9f6d66c104260f7b,train/loss_model,1.753054963350296,15200,1703886572777
2b70abd9526745fa9f6d66c104260f7b,train/loss_model,1.7580278074741365,15300,1703886630713
2b70abd9526745fa9f6d66c104260f7b,train/loss_model,1.8047431433200836,15400,1703886688554
2b70abd9526745fa9f6d66c104260f7b,train/loss_model,1.756309472322464,15500,1703886746345
2b70abd9526745fa9f6d66c104260f7b,train/loss_model,1.7637688148021697,15600,1703886805050
2b70abd9526745fa9f6d66c104260f7b,train/loss_model,1.7988922941684722,15700,1703886863085
2b70abd9526745fa9f6d66c104260f7b,train/loss_model,1.713891497850418,15800,1703886921065
2b70abd9526745fa9f6d66c104260f7b,train/loss_model,1.6942843425273895,15900,1703886978714
2b70abd9526745fa9f6d66c104260f7b,train/loss_model,1.6961421906948089,16000,1703887035843
2b70abd9526745fa9f6d66c104260f7b,train/loss_model,1.7885836815834046,16100,1703887184497
2b70abd9526745fa9f6d66c104260f7b,train/loss_model,1.7433095252513886,16200,1703887242235
2b70abd9526745fa9f6d66c104260f7b,train/loss_model,1.6941901183128356,16300,1703887300361
2b70abd9526745fa9f6d66c104260f7b,train/loss_model,1.7843051314353944,16400,1703887358299
2b70abd9526745fa9f6d66c104260f7b,train/loss_model,1.6750094425678252,16500,1703887416041
2b70abd9526745fa9f6d66c104260f7b,train/loss_model,1.7520446348190308,16600,1703887474938
2b70abd9526745fa9f6d66c104260f7b,train/loss_model,1.7195003676414489,16700,1703887532539
2b70abd9526745fa9f6d66c104260f7b,train/loss_model,1.7208396816253662,16800,1703887590282
2b70abd9526745fa9f6d66c104260f7b,train/loss_model,1.6807092261314391,16900,1703887648126
2b70abd9526745fa9f6d66c104260f7b,train/loss_model,1.7520071876049041,17000,1703887706304
2b70abd9526745fa9f6d66c104260f7b,train/loss_model,1.7219842743873597,17100,1703887768602
2b70abd9526745fa9f6d66c104260f7b,train/loss_model,1.7473517286777496,17200,1703887826585
2b70abd9526745fa9f6d66c104260f7b,train/loss_model,1.734805191755295,17300,1703887884425
2b70abd9526745fa9f6d66c104260f7b,train/loss_model,1.7400433695316315,17400,1703887942218
2b70abd9526745fa9f6d66c104260f7b,train/loss_model,1.6854065322875977,17500,1703888000347
2b70abd9526745fa9f6d66c104260f7b,train/loss_model,1.673393212556839,17600,1703888058764
2b70abd9526745fa9f6d66c104260f7b,train/loss_model,1.6518493270874024,17700,1703888116698
2b70abd9526745fa9f6d66c104260f7b,train/loss_model,1.7059757792949677,17800,1703888174586
2b70abd9526745fa9f6d66c104260f7b,train/loss_model,1.7442832374572754,17900,1703888232522
2b70abd9526745fa9f6d66c104260f7b,train/loss_model,1.7148596811294556,18000,1703888290855
2b70abd9526745fa9f6d66c104260f7b,train/loss_model,1.7275672602653502,18100,1703888442569
2b70abd9526745fa9f6d66c104260f7b,train/loss_model,1.7211666023731231,18200,1703888499983
2b70abd9526745fa9f6d66c104260f7b,train/loss_model,1.72263965010643,18300,1703888558251
2b70abd9526745fa9f6d66c104260f7b,train/loss_model,1.599137636423111,18400,1703888615993
2b70abd9526745fa9f6d66c104260f7b,train/loss_model,1.6807540822029114,18500,1703888673837
2b70abd9526745fa9f6d66c104260f7b,train/loss_model,1.6699425292015075,18600,1703888733018
2b70abd9526745fa9f6d66c104260f7b,train/loss_model,1.679958418607712,18700,1703888791145
2b70abd9526745fa9f6d66c104260f7b,train/loss_model,1.6799606215953826,18800,1703888848942
2b70abd9526745fa9f6d66c104260f7b,train/loss_model,1.6375505685806275,18900,1703888906922
2b70abd9526745fa9f6d66c104260f7b,train/loss_model,1.706876938343048,19000,1703888964623
2b70abd9526745fa9f6d66c104260f7b,train/loss_model,1.7076407945156098,19100,1703889026777
2b70abd9526745fa9f6d66c104260f7b,train/loss_model,1.7019433295726776,19200,1703889085049
2b70abd9526745fa9f6d66c104260f7b,train/loss_model,1.6723665416240692,19300,1703889142941
2b70abd9526745fa9f6d66c104260f7b,train/loss_model,1.6731043398380279,19400,1703889200634
2b70abd9526745fa9f6d66c104260f7b,train/loss_model,1.6623793017864228,19500,1703889257951
2b70abd9526745fa9f6d66c104260f7b,train/loss_model,1.6418863534927368,19600,1703889316506
2b70abd9526745fa9f6d66c104260f7b,train/loss_model,1.639709050655365,19700,1703889374201
2b70abd9526745fa9f6d66c104260f7b,train/loss_model,1.6371507632732392,19800,1703889431993
2b70abd9526745fa9f6d66c104260f7b,train/loss_model,1.6202078437805176,19900,1703889490170
2b70abd9526745fa9f6d66c104260f7b,train/loss_model,1.6401417338848114,20000,1703889547814
ea37c558b6a64920a7f05999650f2aa0,train/loss_model,4.045720562934876,200,1704496405374
ea37c558b6a64920a7f05999650f2aa0,train/loss_model,3.674846727848053,300,1704496443708
ea37c558b6a64920a7f05999650f2aa0,train/loss_model,3.4006747102737425,400,1704496482214
ea37c558b6a64920a7f05999650f2aa0,train/loss_model,3.1608094072341917,500,1704496520978
ea37c558b6a64920a7f05999650f2aa0,train/loss_model,2.923174467086792,600,1704496563611
ea37c558b6a64920a7f05999650f2aa0,train/loss_model,2.703634181022644,700,1704496606427
ea37c558b6a64920a7f05999650f2aa0,train/loss_model,2.6420481514930727,800,1704496649119
ea37c558b6a64920a7f05999650f2aa0,train/loss_model,2.4297576379776,900,1704496691995
ea37c558b6a64920a7f05999650f2aa0,train/loss_model,2.275196113586426,1000,1704496734873
ea37c558b6a64920a7f05999650f2aa0,train/loss_model,2.099179905653,1100,1704496779774
ea37c558b6a64920a7f05999650f2aa0,train/loss_model,2.079959157705307,1200,1704496822242
ea37c558b6a64920a7f05999650f2aa0,train/loss_model,1.9807782661914826,1300,1704496864788
ea37c558b6a64920a7f05999650f2aa0,train/loss_model,1.8997997450828552,1400,1704496907161
ea37c558b6a64920a7f05999650f2aa0,train/loss_model,1.8936751544475556,1500,1704496949954
ea37c558b6a64920a7f05999650f2aa0,train/loss_model,1.8072078323364258,1600,1704496992754
ea37c558b6a64920a7f05999650f2aa0,train/loss_model,1.7672877204418183,1700,1704497035371
ea37c558b6a64920a7f05999650f2aa0,train/loss_model,1.6878443729877473,1800,1704497078191
ea37c558b6a64920a7f05999650f2aa0,train/loss_model,1.594905116558075,1900,1704497120967
ea37c558b6a64920a7f05999650f2aa0,train/loss_model,1.5612924134731292,2000,1704497163448
ea37c558b6a64920a7f05999650f2aa0,train/loss_model,1.5795530271530152,2100,1704497274510
ea37c558b6a64920a7f05999650f2aa0,train/loss_model,1.59399120926857,2200,1704497317359
ea37c558b6a64920a7f05999650f2aa0,train/loss_model,1.7464618849754334,2300,1704497359975
ea37c558b6a64920a7f05999650f2aa0,train/loss_model,1.4991579627990723,2400,1704497402604
ea37c558b6a64920a7f05999650f2aa0,train/loss_model,1.4844025957584381,2500,1704497445077
ea37c558b6a64920a7f05999650f2aa0,train/loss_model,1.454106833934784,2600,1704497488514
ea37c558b6a64920a7f05999650f2aa0,train/loss_model,1.3644395637512208,2700,1704497531311
ea37c558b6a64920a7f05999650f2aa0,train/loss_model,1.3746675276756286,2800,1704497574117
ea37c558b6a64920a7f05999650f2aa0,train/loss_model,1.3498211002349854,2900,1704497616768
ea37c558b6a64920a7f05999650f2aa0,train/loss_model,1.3414401519298553,3000,1704497659200
ea37c558b6a64920a7f05999650f2aa0,train/loss_model,1.3677492725849152,3100,1704497704105
ea37c558b6a64920a7f05999650f2aa0,train/loss_model,1.3491939783096314,3200,1704497746699
ea37c558b6a64920a7f05999650f2aa0,train/loss_model,1.3512915229797364,3300,1704497789417
ea37c558b6a64920a7f05999650f2aa0,train/loss_model,1.3389164698123932,3400,1704497831799
ea37c558b6a64920a7f05999650f2aa0,train/loss_model,1.527022271156311,3500,1704497874414
ea37c558b6a64920a7f05999650f2aa0,train/loss_model,1.4222367918491363,3600,1704497917102
ea37c558b6a64920a7f05999650f2aa0,train/loss_model,1.3402679252624512,3700,1704497959819
ea37c558b6a64920a7f05999650f2aa0,train/loss_model,1.3618275797367096,3800,1704498002429
ea37c558b6a64920a7f05999650f2aa0,train/loss_model,1.3124924874305726,3900,1704498044919
ea37c558b6a64920a7f05999650f2aa0,train/loss_model,1.3947236025333405,4000,1704498087610
ea37c558b6a64920a7f05999650f2aa0,train/loss_model,1.3870407092571257,4100,1704498195776
ea37c558b6a64920a7f05999650f2aa0,train/loss_model,1.3820181679725647,4200,1704498237987
ea37c558b6a64920a7f05999650f2aa0,train/loss_model,1.3772532325983047,4300,1704498280462
ea37c558b6a64920a7f05999650f2aa0,train/loss_model,1.3255646634101867,4400,1704498322923
ea37c558b6a64920a7f05999650f2aa0,train/loss_model,1.478927847146988,4500,1704498365594
ea37c558b6a64920a7f05999650f2aa0,train/loss_model,1.491627150774002,4600,1704498408609
ea37c558b6a64920a7f05999650f2aa0,train/loss_model,1.4928734385967255,4700,1704498451149
ea37c558b6a64920a7f05999650f2aa0,train/loss_model,1.380094554424286,4800,1704498493672
ea37c558b6a64920a7f05999650f2aa0,train/loss_model,1.4413547670841218,4900,1704498536091
ea37c558b6a64920a7f05999650f2aa0,train/loss_model,1.4615103769302369,5000,1704498578523
ea37c558b6a64920a7f05999650f2aa0,train/loss_model,1.4645580208301545,5100,1704498623533
ea37c558b6a64920a7f05999650f2aa0,train/loss_model,1.3513655388355255,5200,1704498666128
ea37c558b6a64920a7f05999650f2aa0,train/loss_model,1.4837996792793273,5300,1704498708452
ea37c558b6a64920a7f05999650f2aa0,train/loss_model,1.5023875308036805,5400,1704498751292
ea37c558b6a64920a7f05999650f2aa0,train/loss_model,1.453962197303772,5500,1704498793876
ea37c558b6a64920a7f05999650f2aa0,train/loss_model,1.4877561950683593,5600,1704498836612
ea37c558b6a64920a7f05999650f2aa0,train/loss_model,1.4706646609306335,5700,1704498878801
ea37c558b6a64920a7f05999650f2aa0,train/loss_model,1.3449135148525238,5800,1704498921261
ea37c558b6a64920a7f05999650f2aa0,train/loss_model,1.4585852324962616,5900,1704498963640
ea37c558b6a64920a7f05999650f2aa0,train/loss_model,1.6522124814987182,6000,1704499006156
ea37c558b6a64920a7f05999650f2aa0,train/loss_model,1.4771120071411132,6100,1704499118603
ea37c558b6a64920a7f05999650f2aa0,train/loss_model,1.4709316158294679,6200,1704499161029
ea37c558b6a64920a7f05999650f2aa0,train/loss_model,1.466853973865509,6300,1704499203773
ea37c558b6a64920a7f05999650f2aa0,train/loss_model,1.3758644235134125,6400,1704499246369
ea37c558b6a64920a7f05999650f2aa0,train/loss_model,1.512296929359436,6500,1704499289001
ea37c558b6a64920a7f05999650f2aa0,train/loss_model,1.4100843214988708,6600,1704499331748
ea37c558b6a64920a7f05999650f2aa0,train/loss_model,1.4167034935951233,6700,1704499374232
ea37c558b6a64920a7f05999650f2aa0,train/loss_model,1.5078336703777313,6800,1704499416551
ea37c558b6a64920a7f05999650f2aa0,train/loss_model,1.4303828942775727,6900,1704499459414
ea37c558b6a64920a7f05999650f2aa0,train/loss_model,1.3379342567920685,7000,1704499501959
ea37c558b6a64920a7f05999650f2aa0,train/loss_model,1.3476211023330689,7100,1704499546614
ea37c558b6a64920a7f05999650f2aa0,train/loss_model,1.3300748944282532,7200,1704499589043
ea37c558b6a64920a7f05999650f2aa0,train/loss_model,1.463226648569107,7300,1704499631506
ea37c558b6a64920a7f05999650f2aa0,train/loss_model,1.3965408885478974,7400,1704499673719
ea37c558b6a64920a7f05999650f2aa0,train/loss_model,1.444153244495392,7500,1704499716434
ea37c558b6a64920a7f05999650f2aa0,train/loss_model,1.4169799447059632,7600,1704499759042
ea37c558b6a64920a7f05999650f2aa0,train/loss_model,1.4004899644851685,7700,1704499801571
ea37c558b6a64920a7f05999650f2aa0,train/loss_model,1.3921186971664428,7800,1704499844132
ea37c558b6a64920a7f05999650f2aa0,train/loss_model,1.36319491147995,7900,1704499886484
ea37c558b6a64920a7f05999650f2aa0,train/loss_model,1.4023941993713378,8000,1704499929345
ea37c558b6a64920a7f05999650f2aa0,train/loss_model,1.409702217578888,8100,1704500042702
ea37c558b6a64920a7f05999650f2aa0,train/loss_model,1.3519046157598495,8200,1704500084903
ea37c558b6a64920a7f05999650f2aa0,train/loss_model,1.3949205589294433,8300,1704500127184
ea37c558b6a64920a7f05999650f2aa0,train/loss_model,1.4012932252883912,8400,1704500169854
ea37c558b6a64920a7f05999650f2aa0,train/loss_model,1.3647157895565032,8500,1704500212297
ea37c558b6a64920a7f05999650f2aa0,train/loss_model,1.376044197678566,8600,1704500254771
ea37c558b6a64920a7f05999650f2aa0,train/loss_model,1.4164098381996155,8700,1704500297387
ea37c558b6a64920a7f05999650f2aa0,train/loss_model,1.3978108334541322,8800,1704500339917
ea37c558b6a64920a7f05999650f2aa0,train/loss_model,1.3290192663669587,8900,1704500382247
ea37c558b6a64920a7f05999650f2aa0,train/loss_model,1.3724872136116029,9000,1704500424847
ea37c558b6a64920a7f05999650f2aa0,train/loss_model,1.3556605362892151,9100,1704500469804
ea37c558b6a64920a7f05999650f2aa0,train/loss_model,1.351440258026123,9200,1704500512396
ea37c558b6a64920a7f05999650f2aa0,train/loss_model,1.439018040895462,9300,1704500554819
ea37c558b6a64920a7f05999650f2aa0,train/loss_model,1.3482349932193756,9400,1704500597299
ea37c558b6a64920a7f05999650f2aa0,train/loss_model,1.2620235431194304,9500,1704500639557
ea37c558b6a64920a7f05999650f2aa0,train/loss_model,1.3688001310825348,9600,1704500682190
ea37c558b6a64920a7f05999650f2aa0,train/loss_model,1.3428287565708161,9700,1704500724663
ea37c558b6a64920a7f05999650f2aa0,train/loss_model,1.2742828381061555,9800,1704500767417
ea37c558b6a64920a7f05999650f2aa0,train/loss_model,1.309087687730789,9900,1704500809950
ea37c558b6a64920a7f05999650f2aa0,train/loss_model,1.3174913430213928,10000,1704500852711
ea37c558b6a64920a7f05999650f2aa0,train/loss_model,1.399013146162033,10100,1704500967624
ea37c558b6a64920a7f05999650f2aa0,train/loss_model,1.3536013448238373,10200,1704501009713
ea37c558b6a64920a7f05999650f2aa0,train/loss_model,1.2992058604955674,10300,1704501052203
ea37c558b6a64920a7f05999650f2aa0,train/loss_model,1.3427004027366638,10400,1704501094617
ea37c558b6a64920a7f05999650f2aa0,train/loss_model,1.3638522279262544,10500,1704501137296
ea37c558b6a64920a7f05999650f2aa0,train/loss_model,1.3291436433792114,10600,1704501180350
ea37c558b6a64920a7f05999650f2aa0,train/loss_model,1.333326120376587,10700,1704501222666
ea37c558b6a64920a7f05999650f2aa0,train/loss_model,1.29780908703804,10800,1704501265247
ea37c558b6a64920a7f05999650f2aa0,train/loss_model,1.3483530843257905,10900,1704501307803
ea37c558b6a64920a7f05999650f2aa0,train/loss_model,1.3126411813497543,11000,1704501350782
ea37c558b6a64920a7f05999650f2aa0,train/loss_model,1.2738611018657684,11100,1704501396251
ea37c558b6a64920a7f05999650f2aa0,train/loss_model,1.4387504649162293,11200,1704501438735
ea37c558b6a64920a7f05999650f2aa0,train/loss_model,1.301490417122841,11300,1704501481422
ea37c558b6a64920a7f05999650f2aa0,train/loss_model,1.3130595529079436,11400,1704501523807
ea37c558b6a64920a7f05999650f2aa0,train/loss_model,1.3001630353927611,11500,1704501566327
ea37c558b6a64920a7f05999650f2aa0,train/loss_model,1.2167167073488236,11600,1704501608946
ea37c558b6a64920a7f05999650f2aa0,train/loss_model,1.3151407253742218,11700,1704501651538
ea37c558b6a64920a7f05999650f2aa0,train/loss_model,1.2644466507434844,11800,1704501693736
ea37c558b6a64920a7f05999650f2aa0,train/loss_model,1.2487544971704483,11900,1704501736226
ea37c558b6a64920a7f05999650f2aa0,train/loss_model,1.2274964606761933,12000,1704501778976
ea37c558b6a64920a7f05999650f2aa0,train/loss_model,1.287639364004135,12100,1704501893675
ea37c558b6a64920a7f05999650f2aa0,train/loss_model,1.3030439329147339,12200,1704501935898
ea37c558b6a64920a7f05999650f2aa0,train/loss_model,1.1739706629514695,12300,1704501978701
ea37c558b6a64920a7f05999650f2aa0,train/loss_model,1.2628268903493882,12400,1704502021444
ea37c558b6a64920a7f05999650f2aa0,train/loss_model,1.318439971804619,12500,1704502063728
ea37c558b6a64920a7f05999650f2aa0,train/loss_model,1.3202148151397706,12600,1704502106252
ea37c558b6a64920a7f05999650f2aa0,train/loss_model,1.2471159887313843,12700,1704502148899
ea37c558b6a64920a7f05999650f2aa0,train/loss_model,1.404273623228073,12800,1704502191311
ea37c558b6a64920a7f05999650f2aa0,train/loss_model,1.2586535477638245,12900,1704502233827
ea37c558b6a64920a7f05999650f2aa0,train/loss_model,1.2913758963346482,13000,1704502276448
ea37c558b6a64920a7f05999650f2aa0,train/loss_model,1.2889735698699951,13100,1704502321615
ea37c558b6a64920a7f05999650f2aa0,train/loss_model,1.2224170929193496,13200,1704502363993
ea37c558b6a64920a7f05999650f2aa0,train/loss_model,1.3919858634471893,13300,1704502406802
ea37c558b6a64920a7f05999650f2aa0,train/loss_model,1.2985988938808442,13400,1704502449251
ea37c558b6a64920a7f05999650f2aa0,train/loss_model,1.251002088189125,13500,1704502491590
ea37c558b6a64920a7f05999650f2aa0,train/loss_model,1.2407438015937806,13600,1704502534593
ea37c558b6a64920a7f05999650f2aa0,train/loss_model,1.2875996631383897,13700,1704502576902
ea37c558b6a64920a7f05999650f2aa0,train/loss_model,1.2706893265247345,13800,1704502619601
ea37c558b6a64920a7f05999650f2aa0,train/loss_model,1.3453898918628693,13900,1704502661927
ea37c558b6a64920a7f05999650f2aa0,train/loss_model,1.2706604874134064,14000,1704502704745
ea37c558b6a64920a7f05999650f2aa0,train/loss_model,1.3068358135223388,14100,1704502822613
ea37c558b6a64920a7f05999650f2aa0,train/loss_model,1.2050978547334672,14200,1704502865017
ea37c558b6a64920a7f05999650f2aa0,train/loss_model,1.2564045894145965,14300,1704502907735
ea37c558b6a64920a7f05999650f2aa0,train/loss_model,1.2263817751407624,14400,1704502950329
ea37c558b6a64920a7f05999650f2aa0,train/loss_model,1.2308775985240936,14500,1704502992557
ea37c558b6a64920a7f05999650f2aa0,train/loss_model,1.1928779250383377,14600,1704503035403
ea37c558b6a64920a7f05999650f2aa0,train/loss_model,1.3599898141622544,14700,1704503077780
ea37c558b6a64920a7f05999650f2aa0,train/loss_model,1.2298197084665299,14800,1704503120007
ea37c558b6a64920a7f05999650f2aa0,train/loss_model,1.188861082792282,14900,1704503162876
ea37c558b6a64920a7f05999650f2aa0,train/loss_model,1.2706117308139802,15000,1704503205793
ea37c558b6a64920a7f05999650f2aa0,train/loss_model,1.1769612097740174,15100,1704503250823
ea37c558b6a64920a7f05999650f2aa0,train/loss_model,1.2535566306114196,15200,1704503293509
ea37c558b6a64920a7f05999650f2aa0,train/loss_model,1.2592090982198716,15300,1704503335998
ea37c558b6a64920a7f05999650f2aa0,train/loss_model,1.3482084023952483,15400,1704503378411
ea37c558b6a64920a7f05999650f2aa0,train/loss_model,1.208076886534691,15500,1704503420974
ea37c558b6a64920a7f05999650f2aa0,train/loss_model,1.2743631076812745,15600,1704503463753
ea37c558b6a64920a7f05999650f2aa0,train/loss_model,1.1694258785247802,15700,1704503506440
ea37c558b6a64920a7f05999650f2aa0,train/loss_model,1.259538106918335,15800,1704503548677
ea37c558b6a64920a7f05999650f2aa0,train/loss_model,1.2127865636348725,15900,1704503591107
ea37c558b6a64920a7f05999650f2aa0,train/loss_model,1.190219823718071,16000,1704503634151
ea37c558b6a64920a7f05999650f2aa0,train/loss_model,1.2314540767669677,16100,1704503750244
ea37c558b6a64920a7f05999650f2aa0,train/loss_model,1.2676719069480895,16200,1704503792643
ea37c558b6a64920a7f05999650f2aa0,train/loss_model,1.2416908586025237,16300,1704503835101
ea37c558b6a64920a7f05999650f2aa0,train/loss_model,1.199058451652527,16400,1704503877562
ea37c558b6a64920a7f05999650f2aa0,train/loss_model,1.200443803668022,16500,1704503920276
ea37c558b6a64920a7f05999650f2aa0,train/loss_model,1.242010310292244,16600,1704503962852
ea37c558b6a64920a7f05999650f2aa0,train/loss_model,1.2051290822029115,16700,1704504005812
ea37c558b6a64920a7f05999650f2aa0,train/loss_model,1.1917628419399262,16800,1704504048401
ea37c558b6a64920a7f05999650f2aa0,train/loss_model,1.2303284549713134,16900,1704504090697
ea37c558b6a64920a7f05999650f2aa0,train/loss_model,1.2559045481681823,17000,1704504133915
ea37c558b6a64920a7f05999650f2aa0,train/loss_model,1.2105800372362137,17100,1704504178891
ea37c558b6a64920a7f05999650f2aa0,train/loss_model,1.1638348883390426,17200,1704504221249
ea37c558b6a64920a7f05999650f2aa0,train/loss_model,1.304325485229492,17300,1704504264056
ea37c558b6a64920a7f05999650f2aa0,train/loss_model,1.2426950997114181,17400,1704504306628
ea37c558b6a64920a7f05999650f2aa0,train/loss_model,1.1571152365207673,17500,1704504349395
ea37c558b6a64920a7f05999650f2aa0,train/loss_model,1.209686124920845,17600,1704504392567
ea37c558b6a64920a7f05999650f2aa0,train/loss_model,1.1993891149759293,17700,1704504434766
ea37c558b6a64920a7f05999650f2aa0,train/loss_model,1.1551062405109405,17800,1704504477232
ea37c558b6a64920a7f05999650f2aa0,train/loss_model,1.3122552359104156,17900,1704504519732
ea37c558b6a64920a7f05999650f2aa0,train/loss_model,1.1637237584590912,18000,1704504562832
ea37c558b6a64920a7f05999650f2aa0,train/loss_model,1.167334439754486,18100,1704504679858
ea37c558b6a64920a7f05999650f2aa0,train/loss_model,1.1360795563459396,18200,1704504722184
ea37c558b6a64920a7f05999650f2aa0,train/loss_model,1.3366685509681702,18300,1704504764804
ea37c558b6a64920a7f05999650f2aa0,train/loss_model,1.1817663633823394,18400,1704504807530
ea37c558b6a64920a7f05999650f2aa0,train/loss_model,1.1737779355049134,18500,1704504850038
ea37c558b6a64920a7f05999650f2aa0,train/loss_model,1.1791738349199294,18600,1704504893154
ea37c558b6a64920a7f05999650f2aa0,train/loss_model,1.1687037467956543,18700,1704504935689
ea37c558b6a64920a7f05999650f2aa0,train/loss_model,1.1579985964298247,18800,1704504978218
ea37c558b6a64920a7f05999650f2aa0,train/loss_model,1.1977141964435578,18900,1704505021135
ea37c558b6a64920a7f05999650f2aa0,train/loss_model,1.2026765328645705,19000,1704505064034
ea37c558b6a64920a7f05999650f2aa0,train/loss_model,1.1334153187274933,19100,1704505109081
ea37c558b6a64920a7f05999650f2aa0,train/loss_model,1.2331533759832383,19200,1704505151894
ea37c558b6a64920a7f05999650f2aa0,train/loss_model,1.1198447316884994,19300,1704505194273
ea37c558b6a64920a7f05999650f2aa0,train/loss_model,1.155240473151207,19400,1704505237097
ea37c558b6a64920a7f05999650f2aa0,train/loss_model,1.126429032087326,19500,1704505279912
ea37c558b6a64920a7f05999650f2aa0,train/loss_model,1.1920007532835006,19600,1704505322562
ea37c558b6a64920a7f05999650f2aa0,train/loss_model,1.197435777783394,19700,1704505365263
ea37c558b6a64920a7f05999650f2aa0,train/loss_model,1.15820456802845,19800,1704505408119
ea37c558b6a64920a7f05999650f2aa0,train/loss_model,1.1056959277391434,19900,1704505450829
ea37c558b6a64920a7f05999650f2aa0,train/loss_model,1.1439725762665873,20000,1704505494036
2deaafaa1c224f619f28d7fed85828a2,train/loss_model,6.787088360786438,200,1704709101704
2deaafaa1c224f619f28d7fed85828a2,train/loss_model,5.984326639175415,300,1704709137814
2deaafaa1c224f619f28d7fed85828a2,train/loss_model,5.652412900924682,400,1704709173743
2deaafaa1c224f619f28d7fed85828a2,train/loss_model,5.490021824836731,500,1704709209626
2deaafaa1c224f619f28d7fed85828a2,train/loss_model,5.351136636734009,600,1704709260284
2deaafaa1c224f619f28d7fed85828a2,train/loss_model,5.2640358304977415,700,1704709313899
2deaafaa1c224f619f28d7fed85828a2,train/loss_model,5.127046875953674,800,1704709367663
2deaafaa1c224f619f28d7fed85828a2,train/loss_model,5.057187066078186,900,1704709422528
2deaafaa1c224f619f28d7fed85828a2,train/loss_model,4.945404186248779,1000,1704709476432
2deaafaa1c224f619f28d7fed85828a2,train/loss_model,4.763674345016479,1100,1704709534988
2deaafaa1c224f619f28d7fed85828a2,train/loss_model,4.703544845581055,1200,1704709589371
2deaafaa1c224f619f28d7fed85828a2,train/loss_model,4.4982075881958,1300,1704709643037
2deaafaa1c224f619f28d7fed85828a2,train/loss_model,4.42429485321045,1400,1704709697135
2deaafaa1c224f619f28d7fed85828a2,train/loss_model,4.277246065139771,1500,1704709751180
2deaafaa1c224f619f28d7fed85828a2,train/loss_model,4.362445449829101,1600,1704709806805
2deaafaa1c224f619f28d7fed85828a2,train/loss_model,4.242599141597748,1700,1704709860763
2deaafaa1c224f619f28d7fed85828a2,train/loss_model,4.2425368475914,1800,1704709914809
2deaafaa1c224f619f28d7fed85828a2,train/loss_model,4.239201276302338,1900,1704709969442
2deaafaa1c224f619f28d7fed85828a2,train/loss_model,3.9764477586746216,2000,1704710023199
2deaafaa1c224f619f28d7fed85828a2,train/loss_model,3.8866222882270813,2100,1704710178572
2deaafaa1c224f619f28d7fed85828a2,train/loss_model,3.966375744342804,2200,1704710234204
2deaafaa1c224f619f28d7fed85828a2,train/loss_model,3.9035091042518615,2300,1704710289981
2deaafaa1c224f619f28d7fed85828a2,train/loss_model,3.947962694168091,2400,1704710344894
2deaafaa1c224f619f28d7fed85828a2,train/loss_model,3.9948035407066347,2500,1704710400381
2deaafaa1c224f619f28d7fed85828a2,train/loss_model,3.8662479376792906,2600,1704710456731
2deaafaa1c224f619f28d7fed85828a2,train/loss_model,3.8978855919837954,2700,1704710512219
2deaafaa1c224f619f28d7fed85828a2,train/loss_model,3.7430957627296446,2800,1704710567762
2deaafaa1c224f619f28d7fed85828a2,train/loss_model,3.648469338417053,2900,1704710622957
2deaafaa1c224f619f28d7fed85828a2,train/loss_model,3.622599515914917,3000,1704710678403
2deaafaa1c224f619f28d7fed85828a2,train/loss_model,3.6366776061058044,3100,1704710738314
2deaafaa1c224f619f28d7fed85828a2,train/loss_model,3.549197690486908,3200,1704710793020
2deaafaa1c224f619f28d7fed85828a2,train/loss_model,3.557095639705658,3300,1704710847453
2deaafaa1c224f619f28d7fed85828a2,train/loss_model,3.5409046816825867,3400,1704710902412
2deaafaa1c224f619f28d7fed85828a2,train/loss_model,3.4929972887039185,3500,1704710957435
2deaafaa1c224f619f28d7fed85828a2,train/loss_model,3.475826849937439,3600,1704711013917
2deaafaa1c224f619f28d7fed85828a2,train/loss_model,3.3968188762664795,3700,1704711069404
2deaafaa1c224f619f28d7fed85828a2,train/loss_model,3.3509302616119383,3800,1704711125419
2deaafaa1c224f619f28d7fed85828a2,train/loss_model,3.3193597865104674,3900,1704711181245
2deaafaa1c224f619f28d7fed85828a2,train/loss_model,3.433905577659607,4000,1704711237454
2deaafaa1c224f619f28d7fed85828a2,train/loss_model,3.3962271285057066,4100,1704711383615
2deaafaa1c224f619f28d7fed85828a2,train/loss_model,3.362844822406769,4200,1704711439003
2deaafaa1c224f619f28d7fed85828a2,train/loss_model,3.307164874076843,4300,1704711494347
2deaafaa1c224f619f28d7fed85828a2,train/loss_model,3.2547688150405882,4400,1704711549692
2deaafaa1c224f619f28d7fed85828a2,train/loss_model,3.319163167476654,4500,1704711605181
2deaafaa1c224f619f28d7fed85828a2,train/loss_model,3.2725350713729857,4600,1704711661435
2deaafaa1c224f619f28d7fed85828a2,train/loss_model,3.276771512031555,4700,1704711717110
2deaafaa1c224f619f28d7fed85828a2,train/loss_model,3.2919846200942993,4800,1704711772843
2deaafaa1c224f619f28d7fed85828a2,train/loss_model,3.2145656085014345,4900,1704711828476
2deaafaa1c224f619f28d7fed85828a2,train/loss_model,3.161095476150513,5000,1704711883977
2deaafaa1c224f619f28d7fed85828a2,train/loss_model,3.134675908088684,5100,1704711944349
2deaafaa1c224f619f28d7fed85828a2,train/loss_model,3.068554489612579,5200,1704711999547
2deaafaa1c224f619f28d7fed85828a2,train/loss_model,3.175913755893707,5300,1704712054791
2deaafaa1c224f619f28d7fed85828a2,train/loss_model,3.1498363757133485,5400,1704712110428
2deaafaa1c224f619f28d7fed85828a2,train/loss_model,3.1592300295829774,5500,1704712167307
2deaafaa1c224f619f28d7fed85828a2,train/loss_model,3.0680755972862244,5600,1704712223440
2deaafaa1c224f619f28d7fed85828a2,train/loss_model,3.078172221183777,5700,1704712278956
2deaafaa1c224f619f28d7fed85828a2,train/loss_model,3.006755964756012,5800,1704712334396
2deaafaa1c224f619f28d7fed85828a2,train/loss_model,3.1013291668891907,5900,1704712389806
2deaafaa1c224f619f28d7fed85828a2,train/loss_model,3.095451452732086,6000,1704712445046
2deaafaa1c224f619f28d7fed85828a2,train/loss_model,3.0067494773864745,6100,1704712596189
2deaafaa1c224f619f28d7fed85828a2,train/loss_model,2.9285592293739318,6200,1704712651149
2deaafaa1c224f619f28d7fed85828a2,train/loss_model,3.0590993618965148,6300,1704712706155
2deaafaa1c224f619f28d7fed85828a2,train/loss_model,2.9369709134101867,6400,1704712761163
2deaafaa1c224f619f28d7fed85828a2,train/loss_model,2.8797422075271606,6500,1704712816271
2deaafaa1c224f619f28d7fed85828a2,train/loss_model,2.9087856221199035,6600,1704712872236
2deaafaa1c224f619f28d7fed85828a2,train/loss_model,3.0119733476638793,6700,1704712927296
2deaafaa1c224f619f28d7fed85828a2,train/loss_model,2.8705651473999025,6800,1704712982799
2deaafaa1c224f619f28d7fed85828a2,train/loss_model,2.955291075706482,6900,1704713038029
2deaafaa1c224f619f28d7fed85828a2,train/loss_model,2.8557538270950316,7000,1704713094044
2deaafaa1c224f619f28d7fed85828a2,train/loss_model,2.941396460533142,7100,1704713154002
2deaafaa1c224f619f28d7fed85828a2,train/loss_model,2.8458491444587706,7200,1704713209498
2deaafaa1c224f619f28d7fed85828a2,train/loss_model,2.913592720031738,7300,1704713266076
2deaafaa1c224f619f28d7fed85828a2,train/loss_model,2.879220027923584,7400,1704713321568
2deaafaa1c224f619f28d7fed85828a2,train/loss_model,2.8215345978736877,7500,1704713377343
2deaafaa1c224f619f28d7fed85828a2,train/loss_model,2.8341204047203066,7600,1704713433553
2deaafaa1c224f619f28d7fed85828a2,train/loss_model,2.81765823841095,7700,1704713490043
2deaafaa1c224f619f28d7fed85828a2,train/loss_model,2.7724323534965514,7800,1704713546251
2deaafaa1c224f619f28d7fed85828a2,train/loss_model,2.8668069076538085,7900,1704713602080
2deaafaa1c224f619f28d7fed85828a2,train/loss_model,2.8543230438232423,8000,1704713659002
2deaafaa1c224f619f28d7fed85828a2,train/loss_model,2.8487285208702087,8100,1704713812283
2deaafaa1c224f619f28d7fed85828a2,train/loss_model,2.8702255201339724,8200,1704713868527
2deaafaa1c224f619f28d7fed85828a2,train/loss_model,2.908030774593353,8300,1704713925227
2deaafaa1c224f619f28d7fed85828a2,train/loss_model,2.877713851928711,8400,1704713982140
2deaafaa1c224f619f28d7fed85828a2,train/loss_model,2.7935454869270324,8500,1704714039117
2deaafaa1c224f619f28d7fed85828a2,train/loss_model,2.7646953010559083,8600,1704714096575
2deaafaa1c224f619f28d7fed85828a2,train/loss_model,2.826946277618408,8700,1704714154365
2deaafaa1c224f619f28d7fed85828a2,train/loss_model,2.765531556606293,8800,1704714212108
2deaafaa1c224f619f28d7fed85828a2,train/loss_model,2.8029497361183164,8900,1704714269419
2deaafaa1c224f619f28d7fed85828a2,train/loss_model,2.794314007759094,9000,1704714326831
2deaafaa1c224f619f28d7fed85828a2,train/loss_model,2.7580265688896177,9100,1704714388459
2deaafaa1c224f619f28d7fed85828a2,train/loss_model,2.846698293685913,9200,1704714445867
2deaafaa1c224f619f28d7fed85828a2,train/loss_model,2.67641188621521,9300,1704714502667
2deaafaa1c224f619f28d7fed85828a2,train/loss_model,2.73785343170166,9400,1704714560733
2deaafaa1c224f619f28d7fed85828a2,train/loss_model,2.752345628738403,9500,1704714618525
2deaafaa1c224f619f28d7fed85828a2,train/loss_model,2.764747898578644,9600,1704714679249
2deaafaa1c224f619f28d7fed85828a2,train/loss_model,2.7637639951705935,9700,1704714739821
2deaafaa1c224f619f28d7fed85828a2,train/loss_model,2.689590880870819,9800,1704714801884
2deaafaa1c224f619f28d7fed85828a2,train/loss_model,2.687723879814148,9900,1704714864476
2deaafaa1c224f619f28d7fed85828a2,train/loss_model,2.7092132544517518,10000,1704714928269
2deaafaa1c224f619f28d7fed85828a2,train/loss_model,2.747359561920166,10100,1704715086187
2deaafaa1c224f619f28d7fed85828a2,train/loss_model,2.6478740882873537,10200,1704715144411
2deaafaa1c224f619f28d7fed85828a2,train/loss_model,2.6460975432395935,10300,1704715202599
2deaafaa1c224f619f28d7fed85828a2,train/loss_model,2.64807941198349,10400,1704715259138
2deaafaa1c224f619f28d7fed85828a2,train/loss_model,2.683361966609955,10500,1704715322748
2deaafaa1c224f619f28d7fed85828a2,train/loss_model,2.7427984476089478,10600,1704715382779
2deaafaa1c224f619f28d7fed85828a2,train/loss_model,2.708015761375427,10700,1704715439755
2deaafaa1c224f619f28d7fed85828a2,train/loss_model,2.6679326629638673,10800,1704715503114
2deaafaa1c224f619f28d7fed85828a2,train/loss_model,2.726202418804169,10900,1704715561684
2deaafaa1c224f619f28d7fed85828a2,train/loss_model,2.712588973045349,11000,1704715619479
2deaafaa1c224f619f28d7fed85828a2,train/loss_model,2.7582477498054505,11100,1704715686673
2deaafaa1c224f619f28d7fed85828a2,train/loss_model,2.6713023161888123,11200,1704715749208
2deaafaa1c224f619f28d7fed85828a2,train/loss_model,2.701311504840851,11300,1704715809935
2deaafaa1c224f619f28d7fed85828a2,train/loss_model,2.6352078461647035,11400,1704715873103
2deaafaa1c224f619f28d7fed85828a2,train/loss_model,2.615042254924774,11500,1704715932091
2deaafaa1c224f619f28d7fed85828a2,train/loss_model,2.597804670333862,11600,1704715993156
2deaafaa1c224f619f28d7fed85828a2,train/loss_model,2.6747424459457396,11700,1704716056278
2deaafaa1c224f619f28d7fed85828a2,train/loss_model,2.6037114453315735,11800,1704716120398
2deaafaa1c224f619f28d7fed85828a2,train/loss_model,2.647269883155823,11900,1704716180682
2deaafaa1c224f619f28d7fed85828a2,train/loss_model,2.634846098423004,12000,1704716242330
2deaafaa1c224f619f28d7fed85828a2,train/loss_model,2.564441456794739,12100,1704716414540
2deaafaa1c224f619f28d7fed85828a2,train/loss_model,2.525190222263336,12200,1704716474878
2deaafaa1c224f619f28d7fed85828a2,train/loss_model,2.5512649989128113,12300,1704716529836
2deaafaa1c224f619f28d7fed85828a2,train/loss_model,2.5886593866348266,12400,1704716583883
2deaafaa1c224f619f28d7fed85828a2,train/loss_model,2.6028132534027097,12500,1704716638416
2deaafaa1c224f619f28d7fed85828a2,train/loss_model,2.645936448574066,12600,1704716693515
2deaafaa1c224f619f28d7fed85828a2,train/loss_model,2.6042940425872803,12700,1704716755534
2deaafaa1c224f619f28d7fed85828a2,train/loss_model,2.585159342288971,12800,1704716813372
2deaafaa1c224f619f28d7fed85828a2,train/loss_model,2.5730038928985595,12900,1704716870933
2deaafaa1c224f619f28d7fed85828a2,train/loss_model,2.5600864458084107,13000,1704716926071
2deaafaa1c224f619f28d7fed85828a2,train/loss_model,2.5522374653816224,13100,1704716985309
2deaafaa1c224f619f28d7fed85828a2,train/loss_model,2.5732186579704286,13200,1704717043438
2deaafaa1c224f619f28d7fed85828a2,train/loss_model,2.5361362290382385,13300,1704717099118
2deaafaa1c224f619f28d7fed85828a2,train/loss_model,2.5040633296966552,13400,1704717154982
2deaafaa1c224f619f28d7fed85828a2,train/loss_model,2.527706453800201,13500,1704717216237
2deaafaa1c224f619f28d7fed85828a2,train/loss_model,2.6127071380615234,13600,1704717281516
2deaafaa1c224f619f28d7fed85828a2,train/loss_model,2.6319760346412657,13700,1704717341856
2deaafaa1c224f619f28d7fed85828a2,train/loss_model,2.595948388576508,13800,1704717407419
2deaafaa1c224f619f28d7fed85828a2,train/loss_model,2.690951144695282,13900,1704717468677
2deaafaa1c224f619f28d7fed85828a2,train/loss_model,2.589402446746826,14000,1704717530924
2deaafaa1c224f619f28d7fed85828a2,train/loss_model,2.587119801044464,14100,1704717710597
2deaafaa1c224f619f28d7fed85828a2,train/loss_model,2.657804079055786,14200,1704717770492
2deaafaa1c224f619f28d7fed85828a2,train/loss_model,2.6046131324768065,14300,1704717833043
2deaafaa1c224f619f28d7fed85828a2,train/loss_model,2.6100529766082765,14400,1704717894381
2deaafaa1c224f619f28d7fed85828a2,train/loss_model,2.7721915006637574,14500,1704717953751
2deaafaa1c224f619f28d7fed85828a2,train/loss_model,2.6562483072280885,14600,1704718009387
2deaafaa1c224f619f28d7fed85828a2,train/loss_model,2.6366632556915284,14700,1704718067035
2deaafaa1c224f619f28d7fed85828a2,train/loss_model,2.641055383682251,14800,1704718121850
2deaafaa1c224f619f28d7fed85828a2,train/loss_model,2.6793387150764465,14900,1704718176620
2deaafaa1c224f619f28d7fed85828a2,train/loss_model,2.7047689890861513,15000,1704718231774
2deaafaa1c224f619f28d7fed85828a2,train/loss_model,2.7074467849731447,15100,1704718291199
2deaafaa1c224f619f28d7fed85828a2,train/loss_model,2.7147506046295167,15200,1704718346596
2deaafaa1c224f619f28d7fed85828a2,train/loss_model,2.6777209281921386,15300,1704718404239
2deaafaa1c224f619f28d7fed85828a2,train/loss_model,2.7445341038703917,15400,1704718459533
2deaafaa1c224f619f28d7fed85828a2,train/loss_model,2.6307749915122987,15500,1704718515612
2deaafaa1c224f619f28d7fed85828a2,train/loss_model,2.7740713596343993,15600,1704718571133
2deaafaa1c224f619f28d7fed85828a2,train/loss_model,2.6390105533599852,15700,1704718626763
2deaafaa1c224f619f28d7fed85828a2,train/loss_model,2.7038791370391846,15800,1704718681880
2deaafaa1c224f619f28d7fed85828a2,train/loss_model,2.7521073508262632,15900,1704718737260
2deaafaa1c224f619f28d7fed85828a2,train/loss_model,2.666802477836609,16000,1704718793674
2deaafaa1c224f619f28d7fed85828a2,train/loss_model,2.697707431316376,16100,1704718955851
2deaafaa1c224f619f28d7fed85828a2,train/loss_model,2.7138006258010865,16200,1704719013548
2deaafaa1c224f619f28d7fed85828a2,train/loss_model,2.6830933570861815,16300,1704719074269
2deaafaa1c224f619f28d7fed85828a2,train/loss_model,2.7312102198600767,16400,1704719133786
2deaafaa1c224f619f28d7fed85828a2,train/loss_model,2.783341479301453,16500,1704719191060
2deaafaa1c224f619f28d7fed85828a2,train/loss_model,2.7902207446098326,16600,1704719250524
2deaafaa1c224f619f28d7fed85828a2,train/loss_model,2.721310381889343,16700,1704719315052
2deaafaa1c224f619f28d7fed85828a2,train/loss_model,2.7962253713607788,16800,1704719378587
2deaafaa1c224f619f28d7fed85828a2,train/loss_model,2.882674162387848,16900,1704719441960
2deaafaa1c224f619f28d7fed85828a2,train/loss_model,2.923436374664307,17000,1704719498604
2deaafaa1c224f619f28d7fed85828a2,train/loss_model,2.8541829347610475,17100,1704719563198
2deaafaa1c224f619f28d7fed85828a2,train/loss_model,2.7575188875198364,17200,1704719618300
2deaafaa1c224f619f28d7fed85828a2,train/loss_model,2.6909250664710997,17300,1704719674747
2deaafaa1c224f619f28d7fed85828a2,train/loss_model,2.7285546469688415,17400,1704719733692
2deaafaa1c224f619f28d7fed85828a2,train/loss_model,2.8258273506164553,17500,1704719789757
2deaafaa1c224f619f28d7fed85828a2,train/loss_model,2.890753974914551,17600,1704719846155
2deaafaa1c224f619f28d7fed85828a2,train/loss_model,2.927859387397766,17700,1704719901067
2deaafaa1c224f619f28d7fed85828a2,train/loss_model,2.843702952861786,17800,1704719957179
2deaafaa1c224f619f28d7fed85828a2,train/loss_model,2.78019553899765,17900,1704720012667
2deaafaa1c224f619f28d7fed85828a2,train/loss_model,2.9017506504058836,18000,1704720068317
2deaafaa1c224f619f28d7fed85828a2,train/loss_model,2.9101326513290404,18100,1704720220460
2deaafaa1c224f619f28d7fed85828a2,train/loss_model,3.028343915939331,18200,1704720276956
2deaafaa1c224f619f28d7fed85828a2,train/loss_model,2.923175246715546,18300,1704720332777
2deaafaa1c224f619f28d7fed85828a2,train/loss_model,2.924269256591797,18400,1704720388939
2deaafaa1c224f619f28d7fed85828a2,train/loss_model,2.9231077790260316,18500,1704720445341
2deaafaa1c224f619f28d7fed85828a2,train/loss_model,3.0076386666297914,18600,1704720502028
2deaafaa1c224f619f28d7fed85828a2,train/loss_model,2.9419644331932067,18700,1704720557276
2deaafaa1c224f619f28d7fed85828a2,train/loss_model,2.949436914920807,18800,1704720614635
2deaafaa1c224f619f28d7fed85828a2,train/loss_model,2.9848900556564333,18900,1704720669693
2deaafaa1c224f619f28d7fed85828a2,train/loss_model,2.952084968090057,19000,1704720725530
2deaafaa1c224f619f28d7fed85828a2,train/loss_model,3.053506112098694,19100,1704720785663
2deaafaa1c224f619f28d7fed85828a2,train/loss_model,3.0110314297676086,19200,1704720842393
2deaafaa1c224f619f28d7fed85828a2,train/loss_model,2.951322863101959,19300,1704720898605
2deaafaa1c224f619f28d7fed85828a2,train/loss_model,2.872104697227478,19400,1704720955243
2deaafaa1c224f619f28d7fed85828a2,train/loss_model,2.8362192249298097,19500,1704721011502
2deaafaa1c224f619f28d7fed85828a2,train/loss_model,2.9714317774772643,19600,1704721068235
2deaafaa1c224f619f28d7fed85828a2,train/loss_model,3.049199504852295,19700,1704721124352
2deaafaa1c224f619f28d7fed85828a2,train/loss_model,2.9623754477500914,19800,1704721180075
2deaafaa1c224f619f28d7fed85828a2,train/loss_model,2.917139410972595,19900,1704721235563
2deaafaa1c224f619f28d7fed85828a2,train/loss_model,2.9411646886305376,20000,1704721291591